geo,urban_area_sqmeters_2000,urban_population_2000,urban_popdensity_persons-per-sqmeter_2000,urban_area_sqmeters_2005,urban_population_2005,urban_popdensity_persons-per-sqmeter_2005,urban_area_sqmeters_2010,urban_population_2010,urban_popdensity_persons-per-sqmeter_2010,urban_area_sqmeters_2015,urban_population_2015,urban_popdensity_persons-per-sqmeter_2015,urban_area_sqmeters_2020,urban_population_2020,urban_popdensity_persons-per-sqmeter_2020
global,261701187390.8194,1904135717.5253203,0.007275991891781987,347164396641.74194,2204877232.173122,0.006351104126753113,401150675235.2046,2505930353.4156284,0.006246855628365425,439798521711.6316,2755511533.1027384,0.006265395168630149,471415366176.66876,2985964378.9785647,0.006334041257915928
country,,,,,,,,,,,,,708953352.2817969,2913971.2905229945,0.004110244039532717
